{
  ".text": 6.4569307417473105,
  ".rdata": 4.21996602716635,
  ".data": 2.8625439024005987,
  ".pdata": 5.88094442985238,
  ".rsrc": 6.546671438732917,
  ".reloc": 4.430387717185225
}