{
  "": 0.0,
  ".interp": 3.94075983254009,
  ".note.gnu.property": 1.9345480540338134,
  ".note.gnu.build-id": 4.136056086195823,
  ".note.ABI-tag": 1.561278124459133,
  ".gnu.hash": 2.520950594454669,
  ".dynsym": 0.7740010368489746,
  ".dynstr": 4.665863396938613,
  ".gnu.version": 1.6548822680554214,
  ".gnu.version_r": 2.5877978094363376,
  ".rela.dyn": 1.4018117631010023,
  ".rela.plt": 1.2939393016549745,
  ".init": 4.236368983644951,
  ".plt": 3.982098121061368,
  ".plt.got": 3.375,
  ".plt.sec": 3.654088147412803,
  ".text": 5.4516427001835766,
  ".fini": 3.238901256602631,
  ".rodata": 4.649310963688536,
  ".eh_frame_hdr": 3.674067454720562,
  ".eh_frame": 4.123542160244653,
  ".init_array": 0.5435644431995964,
  ".fini_array": 1.061278124459133,
  ".dynamic": 1.4771440872256343,
  ".got": 1.188326581922327,
  ".data": 0.6685644431995965,
  ".bss": 3.6249999999999996,
  ".comment": 4.153496011604411,
  ".symtab": 1.7449229933359118,
  ".strtab": 4.976702804294637,
  ".shstrtab": 4.270277599965864
}