{
  "": 0.0,
  ".interp": 3.94075983254009,
  ".note.gnu.property": 1.9345480540338134,
  ".note.gnu.build-id": 4.2471671973069345,
  ".note.ABI-tag": 1.561278124459133,
  ".gnu.hash": 4.884508677630894,
  ".dynsym": 1.1806380654914974,
  ".dynstr": 4.742163167213062,
  ".gnu.version": 1.864656995743275,
  ".gnu.version_r": 3.257744454097273,
  ".rela.dyn": 2.2852564739287344,
  ".rela.plt": 1.746922369172474,
  ".init": 4.310443057719025,
  ".plt": 4.32435107725147,
  ".plt.got": 3.7535244138934787,
  ".plt.sec": 3.9817981944288747,
  ".text": 6.284302741516684,
  ".fini": 3.238901256602631,
  ".rodata": 5.356594534951563,
  ".eh_frame_hdr": 5.033130296663478,
  ".eh_frame": 5.116450834256109,
  ".init_array": 1.061278124459133,
  ".fini_array": 1.061278124459133,
  ".data.rel.ro": 1.8099710898450854,
  ".dynamic": 1.5503569128268224,
  ".got": 1.6577500438359423,
  ".data": 1.2009029386222982,
  ".bss": 0.0,
  ".gnu_debugaltlink": 5.089773017458125,
  ".gnu_debuglink": 4.219791286223959,
  ".shstrtab": 4.303448365259861
}