{
  "": 0.0,
  ".interp": 3.94075983254009,
  ".note.gnu.property": 2.055041691301439,
  ".note.ABI-tag": 1.561278124459133,
  ".gnu.hash": 1.7196074272293012,
  ".dynsym": 0.5615163971124165,
  ".dynstr": 4.609771461059555,
  ".gnu.version": 1.5510981710072649,
  ".gnu.version_r": 2.302044050262966,
  ".rela.dyn": 1.4155138938189316,
  ".init": 4.236368983644951,
  ".plt": 3.024397470347699,
  ".plt.got": 2.75,
  ".text": 5.324179728921322,
  ".fini": 3.238901256602631,
  ".rodata": 1.5,
  ".eh_frame_hdr": 3.092096202026515,
  ".eh_frame": 3.135161973269553,
  ".init_array": 1.5487949406953987,
  ".fini_array": 1.5487949406953987,
  ".dynamic": 1.4414950832047104,
  ".got": 0.0,
  ".got.plt": 0.7416847557897409,
  ".data": 0.8683927290103627,
  ".bss": 2.75,
  ".comment": 4.779208992285081,
  ".shstrtab": 4.248229962110042
}