{
  "": 0.0,
  ".interp": 3.94075983254009,
  ".note.gnu.property": 1.9345480540338134,
  ".note.gnu.build-id": 4.2471671973069345,
  ".note.ABI-tag": 1.561278124459133,
  ".gnu.hash": 1.7196074272293012,
  ".dynsym": 0.5615163971124165,
  ".dynstr": 4.591987706737051,
  ".gnu.version": 1.5510981710072649,
  ".gnu.version_r": 2.302044050262966,
  ".rela.dyn": 1.3866063600998233,
  ".init": 4.236368983644951,
  ".plt": 3.024397470347699,
  ".plt.got": 3.375,
  ".text": 5.332948062948217,
  ".fini": 3.238901256602631,
  ".rodata": 1.5,
  ".eh_frame_hdr": 3.155913095175825,
  ".eh_frame": 3.606980975622335,
  ".init_array": 1.061278124459133,
  ".fini_array": 1.061278124459133,
  ".dynamic": 1.4213422601990677,
  ".got": 0.11611507530476971,
  ".data": 0.6685644431995965,
  ".bss": 2.75,
  ".comment": 4.153496011604411,
  ".shstrtab": 4.2740070050151235
}